zero_day_recall,zero_day_hits,n,ci_lo,ci_hi,balanced_accuracy,benign_fpr,tau_m,recall_Benign,recall_Brute Force,recall_DoS,recall_Port Scan,recall_Web Attack,detector,classifier,withheld,seed,recall_Botnet
0.030619345859429367,44,1437,0.02288737800390043,0.04085416570200106,0.8988947419093982,0.05053845590313027,1.0,0.9494615440968698,0.9343065693430657,0.8491484184914841,0.8978102189781022,0.8637469586374696,ocsvm,rf,Botnet,0,
0.022268615170494086,32,1437,0.01581760327465885,0.03126700718360856,0.9008160964523322,0.050664043285784555,1.0,0.9493359567142154,0.9343065693430657,0.8248175182481752,0.9221411192214112,0.8734793187347932,ocsvm,rf,Botnet,1,
0.0007650273224043716,7,9150,0.0003706339276135156,0.0015784340020590037,0.8748555623809233,0.05949702253246957,1.0,0.9405029774675304,,0.7450331125827815,0.8774834437086093,0.8874172185430463,ocsvm,rf,Brute Force,0,0.9238410596026491
0.0007650273224043716,7,9150,0.0003706339276135156,0.0015784340020590037,0.8823031506145499,0.06530543898023046,0.9962525050099793,0.9346945610197696,,0.7516556291390728,0.9105960264900662,0.8940397350993378,ocsvm,rf,Brute Force,1,0.9205298013245033
0.7857185036005209,252812,321759,0.7842973177435422,0.78713286719138,0.9412314328030223,0.05874349823654384,0.995,0.9412565017634562,0.9503311258278145,,0.9470198675496688,0.8741721854304636,ocsvm,rf,DoS,0,0.9933774834437086
0.7791048579837705,250684,321759,0.777668109443247,0.7805349421760196,0.9146589100054816,0.05584452282027399,1.0,0.944155477179726,0.9139072847682119,,0.9139072847682119,0.8377483443708609,ocsvm,rf,DoS,1,0.9635761589403974
1.0,11,11,0.7411670330319684,1.0,0.8904471238883721,0.05797950832539691,1.0,0.9420204916746031,0.9205298013245033,0.7913907284768212,0.8774834437086093,0.8675496688741722,ocsvm,rf,Heartbleed,0,0.9437086092715232
1.0,11,11,0.7411670330319684,1.0,0.8843991592114175,0.05784345532752143,1.0,0.9421565446724786,0.9205298013245033,0.7814569536423841,0.847682119205298,0.8774834437086093,ocsvm,rf,Heartbleed,1,0.9370860927152318
0.4722222222222222,17,36,0.31986041515179053,0.629940619770124,0.8904471238883721,0.05797950832539691,1.0,0.9420204916746031,0.9205298013245033,0.7913907284768212,0.8774834437086093,0.8675496688741722,ocsvm,rf,Infiltration,0,0.9437086092715232
0.5277777777777778,19,36,0.37005938022987594,0.6801395848482095,0.8843991592114175,0.05784345532752143,1.0,0.9421565446724786,0.9205298013245033,0.7814569536423841,0.847682119205298,0.8774834437086093,ocsvm,rf,Infiltration,1,0.9370860927152318
0.11554192229038855,226,1956,0.10212252600567887,0.1304684607647459,0.9115146579951304,0.06163200803759249,1.0,0.9383679919624075,0.9006622516556292,0.8311258278145696,,0.9039735099337748,ocsvm,rf,Port Scan,0,0.9834437086092715
0.10429447852760736,204,1956,0.09151623049013322,0.11862396068049016,0.9176653970928186,0.06067963705246413,1.0,0.9393203629475358,0.9205298013245033,0.8211920529801324,,0.9238410596026491,ocsvm,rf,Port Scan,1,0.9834437086092715
0.0,0,2143,1.0842021724855044e-19,0.0017893537526540598,0.9317597945856173,0.06305533170767444,0.995,0.9369446682923256,0.9768211920529801,0.8841059602649006,0.9072847682119205,,ocsvm,rf,Web Attack,0,0.9536423841059603
0.0013999066728884741,3,2143,0.00047620627477331224,0.004107950967140698,0.897360828283443,0.05624221619867924,1.0,0.9437577838013208,0.9635761589403974,0.7781456953642384,0.8509933774834437,,ocsvm,rf,Web Attack,1,0.9503311258278145
0.010438413361169102,15,1437,0.006335945315863931,0.01715134304158854,0.8993573221021748,0.0482255549392471,1.0,0.9517744450607529,0.9343065693430657,0.8491484184914841,0.8978102189781022,0.8637469586374696,ecod,rf,Botnet,0,
0.010438413361169102,15,1437,0.006335945315863931,0.01715134304158854,0.9012661179068433,0.04841393601322854,1.0,0.9515860639867715,0.9343065693430657,0.8248175182481752,0.9221411192214112,0.8734793187347932,ecod,rf,Botnet,1,
0.0,0,9150,0.0,0.0004196553805279721,0.8751151096384089,0.05819928624504191,1.0,0.9418007137549581,,0.7450331125827815,0.8774834437086093,0.8874172185430463,ecod,rf,Brute Force,0,0.9238410596026491
0.0,0,9150,0.0,0.0004196553805279721,0.8825899084716106,0.06387164969492731,0.9962525050099793,0.9361283503050727,,0.7516556291390728,0.9105960264900662,0.8940397350993378,ecod,rf,Brute Force,1,0.9205298013245033
0.011281735709024457,3630,321759,0.010922598125270385,0.011652542701705194,0.9411539872503856,0.05913072599972789,0.995,0.9408692740002721,0.9503311258278145,,0.9470198675496688,0.8741721854304636,ecod,rf,DoS,0,0.9933774834437086
0.011235116966425181,3615,321759,0.010876726008546235,0.0116051784463735,0.9145354157458716,0.05646199411832425,1.0,0.9435380058816758,0.9139072847682119,,0.9139072847682119,0.8377483443708609,ecod,rf,DoS,1,0.9635761589403974
1.0,11,11,0.7411670330319684,1.0,0.8906948101152737,0.05649339096398782,1.0,0.9435066090360121,0.9205298013245033,0.7913907284768212,0.8774834437086093,0.8675496688741722,ecod,rf,Heartbleed,0,0.9437086092715232
1.0,11,11,0.7411670330319684,1.0,0.8846032387082308,0.056618978346642104,1.0,0.9433810216533579,0.9205298013245033,0.7814569536423841,0.847682119205298,0.8774834437086093,ecod,rf,Heartbleed,1,0.9370860927152318
0.6111111111111112,22,36,0.44864459096605147,0.75215126934629,0.8906948101152737,0.05649339096398782,1.0,0.9435066090360121,0.9205298013245033,0.7913907284768212,0.8774834437086093,0.8675496688741722,ecod,rf,Infiltration,0,0.9437086092715232
0.6111111111111112,22,36,0.44864459096605147,0.75215126934629,0.8846032387082308,0.056618978346642104,1.0,0.9433810216533579,0.9205298013245033,0.7814569536423841,0.847682119205298,0.8774834437086093,ecod,rf,Infiltration,1,0.9370860927152318
0.0081799591002045,16,1956,0.0050413368834158765,0.013246600979813734,0.9116821078386697,0.06079475881989723,1.0,0.9392052411801027,0.9006622516556292,0.8311258278145696,,0.9039735099337748,ecod,rf,Port Scan,0,0.9834437086092715
0.0081799591002045,16,1956,0.0050413368834158765,0.013246600979813734,0.917880988766375,0.059601678684681476,1.0,0.9403983213153185,0.9205298013245033,0.8211920529801324,,0.9238410596026491,ecod,rf,Port Scan,1,0.9834437086092715
0.0,0,2143,1.0842021724855044e-19,0.0017893537526540598,0.9320842286574743,0.061433161348389866,0.995,0.9385668386516102,0.9768211920529801,0.8841059602649006,0.9072847682119205,,ecod,rf,Web Attack,0,0.9536423841059603
0.0,0,2143,1.0842021724855044e-19,0.0017893537526540598,0.8976831692322558,0.05463051145461586,1.0,0.9453694885453842,0.9635761589403974,0.7781456953642384,0.8509933774834437,,ecod,rf,Web Attack,1,0.9503311258278145
0.030619345859429367,44,1437,0.02288737800390043,0.04085416570200106,0.8171962586265888,0.05270483825391676,0.9999996473658901,0.9472951617460832,0.8467153284671532,0.7883211678832117,0.7031630170316302,0.8004866180048662,ocsvm,lgbm,Botnet,0,
0.022268615170494086,32,1437,0.01581760327465885,0.03126700718360856,0.8172464935796506,0.05245366348860818,0.9999996473658901,0.9475463365113919,0.8467153284671532,0.7883211678832117,0.7031630170316302,0.8004866180048662,ocsvm,lgbm,Botnet,1,
0.0007650273224043716,7,9150,0.0003706339276135156,0.0015784340020590037,0.7529263488913136,0.05324905024541868,0.9999996867185984,0.9467509497545813,,0.6754966887417219,0.652317880794702,0.7615894039735099,ocsvm,lgbm,Brute Force,0,0.7284768211920529
0.0007650273224043716,7,9150,0.0003706339276135156,0.0015784340020590037,0.7529263488913136,0.05324905024541868,0.9999996867185984,0.9467509497545813,,0.6754966887417219,0.652317880794702,0.7615894039735099,ocsvm,lgbm,Brute Force,1,0.7284768211920529
0.7857185036005209,252812,321759,0.7842973177435422,0.78713286719138,0.6600700530856203,0.05064311205534217,0.9999996265242284,0.9493568879446578,0.5331125827814569,,0.6556291390728477,0.7086092715231788,ocsvm,lgbm,DoS,0,0.45364238410596025
0.7791048579837705,250684,321759,0.777668109443247,0.7805349421760196,0.6600826118238857,0.050580318364015026,0.9999996265242284,0.949419681635985,0.5331125827814569,,0.6556291390728477,0.7086092715231788,ocsvm,lgbm,DoS,1,0.45364238410596025
1.0,11,11,0.7411670330319684,1.0,0.7442403711084055,0.051114064740295756,0.9999995841161288,0.9488859352597042,0.5993377483443708,0.7086092715231788,0.7450331125827815,0.7350993377483444,ocsvm,lgbm,Heartbleed,0,0.7284768211920529
1.0,11,11,0.7411670330319684,1.0,0.7442403711084055,0.051114064740295756,0.9999995841161288,0.9488859352597042,0.5993377483443708,0.7086092715231788,0.7450331125827815,0.7350993377483444,ocsvm,lgbm,Heartbleed,1,0.7284768211920529
0.4722222222222222,17,36,0.31986041515179053,0.629940619770124,0.7442403711084055,0.051114064740295756,0.9999995841161288,0.9488859352597042,0.5993377483443708,0.7086092715231788,0.7450331125827815,0.7350993377483444,ocsvm,lgbm,Infiltration,0,0.7284768211920529
0.5277777777777778,19,36,0.37005938022987594,0.6801395848482095,0.7442403711084055,0.051114064740295756,0.9999995841161288,0.9488859352597042,0.5993377483443708,0.7086092715231788,0.7450331125827815,0.7350993377483444,ocsvm,lgbm,Infiltration,1,0.7284768211920529
0.11554192229038855,226,1956,0.10212252600567887,0.1304684607647459,0.7474658968224798,0.057372502642567845,0.9999996448841776,0.9426274973574321,0.5695364238410596,0.6490066225165563,,0.8410596026490066,ocsvm,lgbm,Port Scan,0,0.7350993377483444
0.10429447852760736,204,1956,0.09151623049013322,0.11862396068049016,0.7473842650237545,0.05778066163619428,0.9999996448841776,0.9422193383638057,0.5695364238410596,0.6490066225165563,,0.8410596026490066,ocsvm,lgbm,Port Scan,1,0.7350993377483444
0.0,0,2143,1.0842021724855044e-19,0.0017893537526540598,0.8459283385364538,0.05181526096011554,0.9999993497318196,0.9481847390398844,0.9470198675496688,0.804635761589404,0.7450331125827815,,ocsvm,lgbm,Web Attack,0,0.7847682119205298
0.0013999066728884741,3,2143,0.00047620627477331224,0.004107950967140698,0.8459283385364538,0.05181526096011554,0.9999993497318196,0.9481847390398844,0.9470198675496688,0.804635761589404,0.7450331125827815,,ocsvm,lgbm,Web Attack,1,0.7847682119205298
0.010438413361169102,15,1437,0.006335945315863931,0.01715134304158854,0.8176190694815251,0.05059078397923622,0.9999996473658901,0.9494092160207638,0.8467153284671532,0.7883211678832117,0.7031630170316302,0.8004866180048662,ecod,lgbm,Botnet,0,
0.010438413361169102,15,1437,0.006335945315863931,0.01715134304158854,0.8176253488506579,0.05055938713357265,0.9999996473658901,0.9494406128664273,0.8467153284671532,0.7883211678832117,0.7031630170316302,0.8004866180048662,ecod,lgbm,Botnet,1,
0.0,0,9150,0.0,0.0004196553805279721,0.7532005480101088,0.051878054651442684,0.9999996867185984,0.9481219453485573,,0.6754966887417219,0.652317880794702,0.7615894039735099,ecod,lgbm,Brute Force,0,0.7284768211920529
0.0,0,9150,0.0,0.0004196553805279721,0.7531858961487992,0.05195131395799102,0.9999996867185984,0.948048686042009,,0.6754966887417219,0.652317880794702,0.7615894039735099,ecod,lgbm,Brute Force,1,0.7284768211920529
0.011281735709024457,3630,321759,0.010922598125270385,0.011652542701705194,0.6599884212868949,0.051051271048968616,0.9999996265242284,0.9489487289510314,0.5331125827814569,,0.6556291390728477,0.7086092715231788,ecod,lgbm,DoS,0,0.45364238410596025
0.011235116966425181,3615,321759,0.010876726008546235,0.0116051784463735,0.6599926075329835,0.051030339818526234,0.9999996265242284,0.9489696601814738,0.5331125827814569,,0.6556291390728477,0.7086092715231788,ecod,lgbm,DoS,1,0.45364238410596025
1.0,11,11,0.7411670330319684,1.0,0.7444461948744222,0.049879122144195244,0.9999995841161288,0.9501208778558048,0.5993377483443708,0.7086092715231788,0.7450331125827815,0.7350993377483444,ecod,lgbm,Heartbleed,0,0.7284768211920529
1.0,11,11,0.7411670330319684,1.0,0.7444444506052186,0.04988958775941644,0.9999995841161288,0.9501104122405836,0.5993377483443708,0.7086092715231788,0.7450331125827815,0.7350993377483444,ecod,lgbm,Heartbleed,1,0.7284768211920529
0.6111111111111112,22,36,0.44864459096605147,0.75215126934629,0.7444461948744222,0.049879122144195244,0.9999995841161288,0.9501208778558048,0.5993377483443708,0.7086092715231788,0.7450331125827815,0.7350993377483444,ecod,lgbm,Infiltration,0,0.7284768211920529
0.6111111111111112,22,36,0.44864459096605147,0.75215126934629,0.7444444506052186,0.04988958775941644,0.9999995841161288,0.9501104122405836,0.5993377483443708,0.7086092715231788,0.7450331125827815,0.7350993377483444,ecod,lgbm,Infiltration,1,0.7284768211920529
0.0081799591002045,16,1956,0.0050413368834158765,0.013246600979813734,0.7475328767598954,0.057037602955489736,0.9999996448841776,0.9429623970445102,0.5695364238410596,0.6490066225165563,,0.8410596026490066,ecod,lgbm,Port Scan,0,0.7350993377483444
0.0081799591002045,16,1956,0.0050413368834158765,0.013246600979813734,0.7475412492520725,0.05699574049460498,0.9999996448841776,0.943004259505395,0.5695364238410596,0.6490066225165563,,0.8410596026490066,ecod,lgbm,Port Scan,1,0.7350993377483444
0.0,0,2143,1.0842021724855044e-19,0.0017893537526540598,0.8462067239013373,0.05042333413569717,0.9999993497318196,0.9495766658643028,0.9470198675496688,0.804635761589404,0.7450331125827815,,ecod,lgbm,Web Attack,0,0.7847682119205298
0.0,0,2143,1.0842021724855044e-19,0.0017893537526540598,0.8462088170243817,0.050412868520475974,0.9999993497318196,0.949587131479524,0.9470198675496688,0.804635761589404,0.7450331125827815,,ecod,lgbm,Web Attack,1,0.7847682119205298
0.030619345859429367,44,1437,0.02288737800390043,0.04085416570200106,0.8991103335829548,0.04946049753534761,1.0,0.9505395024646524,0.9343065693430657,0.8491484184914841,0.8978102189781022,0.8637469586374696,iforest,rf,Botnet,0,
0.030619345859429367,44,1437,0.02288737800390043,0.04085416570200106,0.900885169512792,0.05031867798348526,1.0,0.9496813220165148,0.9343065693430657,0.8248175182481752,0.9221411192214112,0.8734793187347932,iforest,rf,Botnet,1,
0.0,0,9150,0.0,0.0004196553805279721,0.8748430036426578,0.05955981622379672,1.0,0.9404401837762033,,0.7450331125827815,0.8774834437086093,0.8874172185430463,iforest,rf,Brute Force,0,0.9238410596026491
0.0,0,9150,0.0,0.0004196553805279721,0.8823261749680367,0.06519031721279736,0.9962525050099793,0.9348096827872027,,0.7516556291390728,0.9105960264900662,0.8940397350993378,iforest,rf,Brute Force,1,0.9205298013245033
0.5329641128919471,171486,321759,0.5312398503079762,0.5346875883727108,0.9413172508478361,0.05831440801247501,0.995,0.941685591987525,0.9503311258278145,,0.9470198675496688,0.8741721854304636,iforest,rf,DoS,0,0.9933774834437086
0.5372685767919467,172871,321759,0.5355453099732971,0.5389909537272127,0.9146003025602429,0.05613756004646733,1.0,0.9438624399535327,0.9139072847682119,,0.9139072847682119,0.8377483443708609,iforest,rf,DoS,1,0.9635761589403974
1.0,11,11,0.7411670330319684,1.0,0.8904889863492569,0.05772833356008833,1.0,0.9422716664399117,0.9205298013245033,0.7913907284768212,0.8774834437086093,0.8675496688741722,iforest,rf,Heartbleed,0,0.9437086092715232
1.0,11,11,0.7411670330319684,1.0,0.8843991592114175,0.05784345532752143,1.0,0.9421565446724786,0.9205298013245033,0.7814569536423841,0.847682119205298,0.8774834437086093,iforest,rf,Heartbleed,1,0.9370860927152318
0.7777777777777778,28,36,0.6191529705388181,0.8828366802420353,0.8904889863492569,0.05772833356008833,1.0,0.9422716664399117,0.9205298013245033,0.7913907284768212,0.8774834437086093,0.8675496688741722,iforest,rf,Infiltration,0,0.9437086092715232
0.7777777777777778,28,36,0.6191529705388181,0.8828366802420353,0.8843991592114175,0.05784345532752143,1.0,0.9421565446724786,0.9205298013245033,0.7814569536423841,0.847682119205298,0.8774834437086093,iforest,rf,Infiltration,1,0.9370860927152318
0.05828220858895705,114,1956,0.04873985645204159,0.06955617090121241,0.9114246537042282,0.062082029492103695,1.0,0.9379179705078963,0.9006622516556292,0.8311258278145696,,0.9039735099337748,iforest,rf,Port Scan,0,0.9834437086092715
0.05828220858895705,114,1956,0.04873985645204159,0.06955617090121241,0.9176298140010666,0.06085755251122437,1.0,0.9391424474887756,0.9205298013245033,0.8211920529801324,,0.9238410596026491,iforest,rf,Port Scan,1,0.9834437086092715
0.04106392907139524,88,2143,0.03345097295183015,0.05031928315244914,0.9318079364156349,0.06281462255758705,0.995,0.9371853774424129,0.9768211920529801,0.8841059602649006,0.9072847682119205,,iforest,rf,Web Attack,0,0.9536423841059603
0.008399440037330844,18,2143,0.005319654434323136,0.013238520253890631,0.8974026907443278,0.05603290389425542,1.0,0.9439670961057446,0.9635761589403974,0.7781456953642384,0.8509933774834437,,iforest,rf,Web Attack,1,0.9503311258278145
0.030619345859429367,44,1437,0.02288737800390043,0.04085416570200106,0.836091583147365,0.06041799667193436,0.999750554561615,0.9395820033280656,0.9343065693430657,0.7931873479318735,0.7104622871046229,0.8029197080291971,ocsvm,xgb,Botnet,0,
0.022268615170494086,32,1437,0.01581760327465885,0.03126700718360856,0.8361564699617363,0.06009356260007744,0.999750554561615,0.9399064373999225,0.9343065693430657,0.7931873479318735,0.7104622871046229,0.8029197080291971,ocsvm,xgb,Botnet,1,
0.0007650273224043716,7,9150,0.0003706339276135156,0.0015784340020590037,0.7753767500189387,0.05689108434239307,0.9997302615093085,0.9431089156576069,,0.7350993377483444,0.7251655629139073,0.7715231788079471,ocsvm,xgb,Brute Force,0,0.7019867549668874
0.0007650273224043716,7,9150,0.0003706339276135156,0.0015784340020590037,0.7753746568958944,0.05690154995761426,0.9997302615093085,0.9430984500423858,,0.7350993377483444,0.7251655629139073,0.7715231788079471,ocsvm,xgb,Brute Force,1,0.7019867549668874
0.7857185036005209,252812,321759,0.7842973177435422,0.78713286719138,0.8057913595742117,0.05382465908258417,0.9996423331912391,0.9461753409174158,0.890728476821192,,0.6854304635761589,0.6788079470198676,ocsvm,xgb,DoS,0,0.8278145695364238
0.7791048579837705,250684,321759,0.777668109443247,0.7805349421760196,0.8058206632968311,0.0536781404694875,0.9996423331912391,0.9463218595305125,0.890728476821192,,0.6854304635761589,0.6788079470198676,ocsvm,xgb,DoS,1,0.8278145695364238
1.0,11,11,0.7411670330319684,1.0,0.764054535743345,0.05474563322204896,0.9997281174143713,0.945254366777951,0.7582781456953642,0.6920529801324503,0.7350993377483444,0.7251655629139073,ocsvm,xgb,Heartbleed,0,0.7284768211920529
1.0,11,11,0.7411670330319684,1.0,0.7640527914741414,0.05475609883727015,0.9997281174143713,0.9452439011627298,0.7582781456953642,0.6920529801324503,0.7350993377483444,0.7251655629139073,ocsvm,xgb,Heartbleed,1,0.7284768211920529
0.4722222222222222,17,36,0.31986041515179053,0.629940619770124,0.764054535743345,0.05474563322204896,0.9997281174143713,0.945254366777951,0.7582781456953642,0.6920529801324503,0.7350993377483444,0.7251655629139073,ocsvm,xgb,Infiltration,0,0.7284768211920529
0.5277777777777778,19,36,0.37005938022987594,0.6801395848482095,0.7640527914741414,0.05475609883727015,0.9997281174143713,0.9452439011627298,0.7582781456953642,0.6920529801324503,0.7350993377483444,0.7251655629139073,ocsvm,xgb,Infiltration,1,0.7284768211920529
0.11554192229038855,226,1956,0.10212252600567887,0.1304684607647459,0.7588170971557715,0.060219149982731736,0.9997175335884094,0.9397808500172683,0.5629139072847682,0.6721854304635762,,0.8443708609271523,ocsvm,xgb,Port Scan,0,0.7748344370860927
0.10429447852760736,204,1956,0.09151623049013322,0.11862396068049016,0.7586663922965864,0.06097267427865747,0.9997175335884094,0.9390273257213425,0.5629139072847682,0.6721854304635762,,0.8443708609271523,ocsvm,xgb,Port Scan,1,0.7748344370860927
0.0,0,2143,1.0842021724855044e-19,0.0017893537526540598,0.7553652184357565,0.05098847735764147,0.9997188568354131,0.9490115226423586,0.7748344370860927,0.6986754966887417,0.6192052980132451,,ocsvm,xgb,Web Attack,0,0.7350993377483444
0.0013999066728884741,3,2143,0.00047620627477331224,0.004107950967140698,0.755361032189668,0.05100940858808385,0.9997188568354131,0.9489905914119161,0.7748344370860927,0.6986754966887417,0.6192052980132451,,ocsvm,xgb,Web Attack,1,0.7350993377483444
