arm,seed,held_out,zd,keep,fp,zd_in_sample,keep_in_sample,feasible,n_feasible_trials,tuning_objective,params
submitted,0,DDoS,0.6187370131391879,0.9112582781456954,0.061694801728919633,0.3793739154903702,0.8832781456953642,True,,,{}
submitted,0,DoS Hulk,0.9287573909723106,0.8993377483443709,0.05584452282027399,0.30186882103208956,0.8862582781456954,True,,,{}
submitted,0,DoS slowloris,0.5875580315691736,0.8788079470198675,0.05772833356008833,0.38716866088287377,0.8913907284768212,True,,,{}
submitted,0,FTP-Patator,0.0011802394199966278,0.8708609271523179,0.057801592866636664,0.533763108920168,0.8933774834437085,True,,,{}
submitted,0,Web Attack - XSS,0.0,0.8841059602649006,0.056838756266287115,0.5340581687751671,0.8900662251655629,True,,,{}
thresholds,0,DDoS,0.6331651225647195,0.885430463576159,0.10209207648271604,0.38876630182612515,0.9014900662251655,True,32.0,0.29191193763245005,"{'qb': 0.90848, 'qm': 0.11715, 'qu': 0.80378}"
thresholds,0,DoS Hulk,0.9461428092058827,0.93841059602649,0.09122876788312001,0.3102422905159137,0.9346026490066225,True,34.0,0.23301892914979144,"{'qb': 0.90968, 'qm': 0.06729, 'qu': 0.91855}"
thresholds,0,DoS slowloris,0.6035283194057567,0.9258278145695364,0.09685926887212065,0.3960607996280606,0.9324503311258279,True,33.0,0.2973828109839017,"{'qb': 0.91153, 'qm': 0.07536, 'qu': 0.91281}"
thresholds,0,FTP-Patator,0.0013488450514247176,0.9251655629139073,0.09667088779813922,0.5466056682166437,0.9326158940397351,True,33.0,0.4107211223281269,"{'qb': 0.91153, 'qm': 0.07536, 'qu': 0.91281}"
thresholds,0,Web Attack - XSS,0.003067484662576687,0.9231788079470199,0.10014547205157455,0.546254112522226,0.9144039735099339,True,31.0,0.4100277956545257,"{'qb': 0.90963, 'qm': 0.09941, 'qu': 0.74658}"
override,0,DDoS,0.6262986860812099,0.8993377483443709,0.10181997048696508,0.38916742311348096,0.9056291390728477,True,35.0,0.29229708141368094,"{'qb': 0.93783, 'qm': 0.03059, 'qu': 0.5602, 'qz': 0.75716, 'qc': 0.67812}"
override,0,DoS Hulk,0.945656827464911,0.8993377483443709,0.08425866814580694,0.30907970622104075,0.9105960264900662,True,43.0,0.23214699092863675,"{'qb': 0.92149, 'qm': 0.10955, 'qu': 0.79852, 'qz': 0.98648, 'qc': 0.35823}"
override,0,DoS slowloris,0.5951717734447539,0.9052980132450331,0.08585990727464914,0.3979057789295517,0.9107615894039736,True,35.0,0.298850848275734,"{'qb': 0.92435, 'qm': 0.06767, 'qu': 0.81772, 'qz': 0.85193, 'qc': 0.35084}"
override,0,FTP-Patator,0.001686056314280897,0.8834437086092716,0.08481334575253006,0.5464328515088779,0.9008278145695364,True,38.0,0.4128921232942351,"{'qb': 0.92473, 'qm': 0.07472, 'qu': 0.67008, 'qz': 0.75127, 'qc': 0.61087}"
override,0,Web Attack - XSS,0.010736196319018405,0.909933774834437,0.09216020763780598,0.5461257983262651,0.9029801324503312,True,36.0,0.410015862823269,"{'qb': 0.91772, 'qm': 0.07995, 'qu': 0.84549, 'qz': 0.64125, 'qc': 0.87592}"
continuous,0,DDoS,0.4118299560985517,0.9039735099337748,0.04780693033039947,0.3397725873332555,0.9091059602649008,True,8.0,0.2551666517627978,"{'qb': 0.97897, 'qm': 0.05855, 'qu': 0.82227, 'qz': 0.62869, 'qc': 0.58442, 'w': 0.92575, 'taun': 0.9384}"
continuous,0,DoS Hulk,0.6807331381692373,0.9271523178807947,0.05456771776328871,0.25507430139370946,0.9102649006622516,True,8.0,0.1916850887159953,"{'qb': 0.98329, 'qm': 0.04267, 'qu': 0.82128, 'qz': 0.70619, 'qc': 0.59667, 'w': 0.93569, 'taun': 0.93598}"
continuous,0,DoS slowloris,,,,,,False,0.0,,{}
continuous,0,FTP-Patator,,,,,,False,0.0,,{}
continuous,0,Web Attack - XSS,,,,,,False,0.0,,{}
recommended-fixed,0,DDoS,0.6330245129438967,0.9112582781456954,0.0911241117309081,,,True,,,"{'rule': 'thresholds', 'qb': 0.75, 'qm': 0.1, 'qu': 0.92}"
recommended-fixed,0,DoS Hulk,0.9458130358816519,0.9238410596026491,0.08929262906719972,,,True,,,"{'rule': 'thresholds', 'qb': 0.75, 'qm': 0.1, 'qu': 0.92}"
recommended-fixed,0,DoS slowloris,0.6035283194057567,0.9145695364238411,0.08952287260206591,,,True,,,"{'rule': 'thresholds', 'qb': 0.75, 'qm': 0.1, 'qu': 0.92}"
recommended-fixed,0,FTP-Patator,0.0013488450514247176,0.9079470198675497,0.08880074515180375,,,True,,,"{'rule': 'thresholds', 'qb': 0.75, 'qm': 0.1, 'qu': 0.92}"
recommended-fixed,0,Web Attack - XSS,0.003067484662576687,0.9231788079470199,0.09026593128277045,,,True,,,"{'rule': 'thresholds', 'qb': 0.75, 'qm': 0.1, 'qu': 0.92}"
submitted,1,DDoS,0.549307107035168,0.8920529801324504,0.057822524097079046,0.30460127987166075,0.8824503311258278,True,,,{}
submitted,1,DoS Hulk,0.8569478032468208,0.8913907284768212,0.054693305145943005,0.2276911058187475,0.8826158940397352,True,,,{}
submitted,1,DoS slowloris,0.36044568245125347,0.8794701986754967,0.05671316888363282,0.3518166360176394,0.8855960264900663,True,,,{}
submitted,1,FTP-Patator,0.0010116337885685382,0.8682119205298013,0.05812602693849358,0.4416751481833106,0.8884105960264901,True,,,{}
submitted,1,Web Attack - XSS,0.0,0.890728476821192,0.054013040156565606,0.44192805663045276,0.8827814569536424,True,,,{}
thresholds,1,DDoS,0.6217523083412752,0.9152317880794701,0.10477127397934087,0.39069328858277774,0.9213576158940397,True,42.0,0.29331502629208245,"{'qb': 0.89695, 'qm': 0.08832, 'qu': 0.91339}"
thresholds,1,DoS Hulk,0.8868877497888293,0.9370860927152318,0.0918148423355067,0.32382795315047896,0.9299668874172186,True,42.0,0.24312387331000135,"{'qb': 0.79635, 'qm': 0.07233, 'qu': 0.91744}"
thresholds,1,DoS slowloris,0.6713091922005571,0.9225165562913907,0.09376144676664817,0.3777724170885154,0.9195364238410597,True,36.0,0.28358222126352867,"{'qb': 0.76854, 'qm': 0.08828, 'qu': 0.91706}"
thresholds,1,FTP-Patator,0.0011802394199966278,0.9172185430463576,0.10536781404694875,0.5624546141620086,0.9208609271523178,True,42.0,0.42222439620432856,"{'qb': 0.77772, 'qm': 0.08611, 'qu': 0.91037}"
thresholds,1,Web Attack - XSS,0.0015337423312883436,0.9198675496688742,0.08693786564243179,0.5450198741404174,0.9201986754966888,True,39.0,0.40901781405245524,"{'qb': 0.79417, 'qm': 0.0869, 'qu': 0.91811}"
override,1,DDoS,0.6218226131516865,0.9105960264900662,0.1076911806260531,0.40466527894552584,0.9117549668874172,True,40.0,0.30379401906414355,"{'qb': 0.61737, 'qm': 0.07809, 'qu': 0.91074, 'qz': 0.67653, 'qc': 0.1584}"
override,1,DoS Hulk,0.8870786711870683,0.9185430463576159,0.09255790101621124,0.3244081231266684,0.9048013245033113,True,38.0,0.24360115220000045,"{'qb': 0.59267, 'qm': 0.08912, 'qu': 0.91341, 'qz': 0.63266, 'qc': 0.57289}"
override,1,DoS slowloris,0.6731662024141133,0.9079470198675497,0.09719416855919875,0.37788624031990714,0.9074503311258278,True,38.0,0.2837097400949295,"{'qb': 0.59267, 'qm': 0.08912, 'qu': 0.91341, 'qz': 0.63266, 'qc': 0.57289}"
override,1,FTP-Patator,0.0011802394199966278,0.9026490066225166,0.10573411057969043,0.5598258723784483,0.9137417218543046,True,40.0,0.42025283986665835,"{'qb': 0.61737, 'qm': 0.07809, 'qu': 0.91074, 'qz': 0.67653, 'qc': 0.1584}"
override,1,Web Attack - XSS,0.0015337423312883436,0.909933774834437,0.09163692687674645,0.5457943553406133,0.9069536423841059,True,38.0,0.4096408263604591,"{'qb': 0.59267, 'qm': 0.08912, 'qu': 0.91341, 'qz': 0.63266, 'qc': 0.57289}"
continuous,1,DDoS,0.6218148015060853,0.9039735099337748,0.10555619512093019,0.3907859978134473,0.9056291390728477,True,37.0,0.29338455821508463,"{'qb': 0.81581, 'qm': 0.09471, 'qu': 0.91261, 'qz': 0.8746, 'qc': 0.59172, 'w': 0.63639, 'taun': 0.91951}"
continuous,1,DoS Hulk,0.8868877497888293,0.9324503311258279,0.09212881079214241,0.3238763313172182,0.9299668874172184,True,37.0,0.2431601569350558,"{'qb': 0.91713, 'qm': 0.06622, 'qu': 0.84253, 'qz': 0.9892, 'qc': 0.70381, 'w': 0.40176, 'taun': 0.90219}"
continuous,1,DoS slowloris,0.6713091922005571,0.9331125827814569,0.09878494207281975,0.3777709707142863,0.9298013245033112,True,37.0,0.2835811364828569,"{'qb': 0.91713, 'qm': 0.06622, 'qu': 0.84253, 'qz': 0.9892, 'qc': 0.70381, 'w': 0.40176, 'taun': 0.90219}"
continuous,1,FTP-Patator,0.0011802394199966278,0.904635761589404,0.10634111626251949,0.5624777561496739,0.9142384105960265,True,34.0,0.4222417526950775,"{'qb': 0.91013, 'qm': 0.08111, 'qu': 0.81167, 'qz': 0.93629, 'qc': 0.63224, 'w': 0.82033, 'taun': 0.93728}"
continuous,1,Web Attack - XSS,0.0015337423312883436,0.937748344370861,0.0927253508597503,0.5452148331816034,0.9286423841059602,True,37.0,0.40916403333334467,"{'qb': 0.91713, 'qm': 0.06622, 'qu': 0.84253, 'qz': 0.9892, 'qc': 0.70381, 'w': 0.40176, 'taun': 0.90219}"
recommended-fixed,1,DDoS,0.6214632774540285,0.9152317880794701,0.09815700515954831,,,True,,,"{'rule': 'thresholds', 'qb': 0.75, 'qm': 0.1, 'qu': 0.92}"
recommended-fixed,1,DoS Hulk,0.8867836108443354,0.9258278145695364,0.08596456342686105,,,True,,,"{'rule': 'thresholds', 'qb': 0.75, 'qm': 0.1, 'qu': 0.92}"
recommended-fixed,1,DoS slowloris,0.6696378830083566,0.9072847682119205,0.0873774214817218,,,True,,,"{'rule': 'thresholds', 'qb': 0.75, 'qm': 0.1, 'qu': 0.92}"
recommended-fixed,1,FTP-Patator,0.0010116337885685382,0.9,0.09506964866929703,,,True,,,"{'rule': 'thresholds', 'qb': 0.75, 'qm': 0.1, 'qu': 0.92}"
recommended-fixed,1,Web Attack - XSS,0.0015337423312883436,0.9198675496688742,0.08504358928739626,,,True,,,"{'rule': 'thresholds', 'qb': 0.75, 'qm': 0.1, 'qu': 0.92}"
submitted,2,DDoS,0.6354148764978831,0.8867549668874172,0.0608261556655608,0.301491396374887,0.8899006622516556,True,,,{}
submitted,2,DoS Hulk,0.9413929162375756,0.9311258278145695,0.05824114870592668,0.22499688643996385,0.8788079470198675,True,,,{}
submitted,2,DoS slowloris,0.264066852367688,0.8814569536423841,0.0566294439618633,0.3943284024074357,0.8912251655629139,True,,,{}
submitted,2,FTP-Patator,0.0005058168942842691,0.8589403973509934,0.05585498843549518,0.4602186612757867,0.8968543046357615,True,,,{}
submitted,2,Web Attack - XSS,0.0,0.8880794701986755,0.0565143221944302,0.46034511549935775,0.8895695364238411,True,,,{}
thresholds,2,DDoS,0.6361647944756043,0.9132450331125828,0.09033919058931879,0.38279527784381784,0.9144039735099337,True,38.0,0.28709645838286335,"{'qb': 0.65444, 'qm': 0.10452, 'qu': 0.92135}"
thresholds,2,DoS Hulk,0.946813926848177,0.9490066225165563,0.08785883978189658,0.3051286556279874,0.9460264900662252,True,37.0,0.22884649172099056,"{'qb': 0.92243, 'qm': 0.05699, 'qu': 0.75237}"
thresholds,2,DoS slowloris,0.5838440111420613,0.9496688741721855,0.10105598057581815,0.3958711345545164,0.945860927152318,True,36.0,0.29690335091588727,"{'qb': 0.92243, 'qm': 0.05699, 'qu': 0.75237}"
thresholds,2,FTP-Patator,0.0005058168942842691,0.9370860927152318,0.10130715534112673,0.5422448111189906,0.9352649006622517,True,38.0,0.40706704392206505,"{'qb': 0.66893, 'qm': 0.06738, 'qu': 0.91575}"
thresholds,2,Web Attack - XSS,0.0,0.9430463576158941,0.09458823036912224,0.5418321373400317,0.9475165562913908,True,37.0,0.4065005572285948,"{'qb': 0.92243, 'qm': 0.05699, 'qu': 0.75237}"
override,2,DDoS,0.6361491711844017,0.9119205298013245,0.08942868206507519,0.3869226727555823,0.9109271523178808,True,51.0,0.29031845879025775,"{'qb': 0.93104, 'qm': 0.06355, 'qu': 0.85897, 'qz': 0.5701, 'qc': 0.71092}"
override,2,DoS Hulk,0.946865996320424,0.9158940397350993,0.09174158302895835,0.30560689463288765,0.9018211920529802,True,45.0,0.22933162519823683,"{'qb': 0.9153, 'qm': 0.09397, 'qu': 0.91636, 'qz': 0.86722, 'qc': 0.72405}"
override,2,DoS slowloris,0.25942432683379757,0.895364238410596,0.0557189354376197,0.3991671700923719,0.9009933774834437,True,49.0,0.29950183179284995,"{'qb': 0.95217, 'qm': 0.10364, 'qu': 0.88624, 'qz': 0.74604, 'qc': 0.68267}"
override,2,FTP-Patator,0.0005058168942842691,0.8980132450331125,0.08975311613693211,0.5470018811199009,0.9216887417218542,True,41.0,0.41638638016507906,"{'qb': 0.92976, 'qm': 0.0514, 'qu': 0.85472, 'qz': 0.51348, 'qc': 0.93797}"
override,2,Web Attack - XSS,0.0015337423312883436,0.909933774834437,0.09626272880451277,0.5423574305601807,0.9016556291390728,True,44.0,0.40689452714370655,"{'qb': 0.90629, 'qm': 0.10531, 'qu': 0.91064, 'qz': 0.924, 'qc': 0.7305}"
continuous,2,DDoS,0.636156982830003,0.9152317880794701,0.104174733911733,0.40118969131111626,0.9220198675496689,True,39.0,0.30089226848333717,"{'qb': 0.54117, 'qm': 0.05937, 'qu': 0.92796, 'qz': 0.81459, 'qc': 0.18296, 'w': 0.15608, 'taun': 0.72957}"
continuous,2,DoS Hulk,0.946831283338926,0.9198675496688742,0.08747161201871252,0.31131005020847974,0.9091059602649006,True,41.0,0.23360899187993087,"{'qb': 0.92109, 'qm': 0.05994, 'qu': 0.79158, 'qz': 0.84126, 'qc': 0.39932, 'w': 0.12523, 'taun': 0.93782}"
continuous,2,DoS slowloris,0.26536675951717736,0.9033112582781457,0.08298186308882168,0.5623051020555937,0.901158940397351,True,41.0,0.4217288265416953,"{'qb': 0.91274, 'qm': 0.10651, 'qu': 0.94299, 'qz': 0.75537, 'qc': 0.13408, 'w': 0.3065, 'taun': 0.72473}"
continuous,2,FTP-Patator,0.0005058168942842691,0.8993377483443709,0.09882680453370452,0.5428949163628654,0.9086092715231787,True,38.0,0.4075546228549711,"{'qb': 0.66251, 'qm': 0.10793, 'qu': 0.90932, 'qz': 0.84932, 'qc': 0.01866, 'w': 0.6847, 'taun': 0.84835}"
continuous,2,Web Attack - XSS,0.0,0.909933774834437,0.08537848897447436,0.5418364764627189,0.9091059602649005,True,34.0,0.4065038115706102,"{'qb': 0.72831, 'qm': 0.08392, 'qu': 0.92153, 'qz': 0.64106, 'qc': 0.91144, 'w': 0.90514, 'taun': 0.97978}"
recommended-fixed,2,DDoS,0.6361647944756043,0.9132450331125828,0.09145901141798621,,,True,,,"{'rule': 'thresholds', 'qb': 0.75, 'qm': 0.1, 'qu': 0.92}"
recommended-fixed,2,DoS Hulk,0.9468370688358423,0.9311258278145695,0.08823560192985945,,,True,,,"{'rule': 'thresholds', 'qb': 0.75, 'qm': 0.1, 'qu': 0.92}"
recommended-fixed,2,DoS slowloris,0.5838440111420613,0.909271523178808,0.08771232116879991,,,True,,,"{'rule': 'thresholds', 'qb': 0.75, 'qm': 0.1, 'qu': 0.92}"
recommended-fixed,2,FTP-Patator,0.0005058168942842691,0.9105960264900662,0.0946405584452282,,,True,,,"{'rule': 'thresholds', 'qb': 0.75, 'qm': 0.1, 'qu': 0.92}"
recommended-fixed,2,Web Attack - XSS,0.0,0.9178807947019868,0.08689600318154703,,,True,,,"{'rule': 'thresholds', 'qb': 0.75, 'qm': 0.1, 'qu': 0.92}"
submitted,3,DDoS,0.6180339650350742,0.8860927152317881,0.05838766731902335,0.3732369203173293,0.8816225165562914,True,,,{}
submitted,3,DoS Hulk,0.93214769216528,0.8966887417218543,0.05738296825778903,0.2947084885347778,0.8789735099337749,True,,,{}
submitted,3,DoS slowloris,0.5606313834726091,0.8814569536423841,0.05656665027053615,0.3875875657079456,0.8827814569536424,True,,,{}
submitted,3,FTP-Patator,0.0001686056314280897,0.866225165562914,0.05657711588575735,0.5277032601682409,0.8865894039735099,True,,,{}
submitted,3,Web Attack - XSS,0.0,0.8821192052980132,0.05520612029178135,0.5277454115760979,0.8826158940397352,True,,,{}
thresholds,3,DDoS,0.6358288937147499,0.909933774834437,0.10150600203032935,0.38821110257280866,0.9081125827814569,True,41.0,0.2912847811531776,"{'qb': 0.86287, 'qm': 0.11257, 'qu': 0.90905}"
thresholds,3,DoS Hulk,0.9467502863820974,0.9357615894039735,0.09039151866542475,0.3047167460427278,0.9385761589403974,True,50.0,0.22866401375561693,"{'qb': 0.91764, 'qm': 0.06494, 'qu': 0.75314}"
thresholds,3,DoS slowloris,0.5780872794800371,0.9350993377483444,0.0916892549528524,0.3968824977682428,0.9387417218543046,True,50.0,0.29778832754975315,"{'qb': 0.91764, 'qm': 0.06494, 'qu': 0.75314}"
thresholds,3,FTP-Patator,0.0005058168942842691,0.9158940397350993,0.10393402476164561,0.5470399188665248,0.9201986754966888,True,52.0,0.4118136814811819,"{'qb': 0.90961, 'qm': 0.08525, 'qu': 0.72338}"
thresholds,3,Web Attack - XSS,0.004601226993865031,0.9423841059602649,0.09287186947284697,0.5402540108897858,0.9369205298013245,True,50.0,0.40531696239091036,"{'qb': 0.91764, 'qm': 0.06494, 'qu': 0.75314}"
override,3,DDoS,0.635742965613136,0.9165562913907285,0.1134891314585928,0.3856578548091772,0.9220198675496689,True,39.0,0.28936984533045396,"{'qb': 0.51702, 'qm': 0.05602, 'qu': 0.91297, 'qz': 0.73114, 'qc': 0.51492}"
override,3,DoS Hulk,0.9467676428728463,0.9211920529801324,0.09089386819604191,0.30472065186552844,0.915728476821192,True,39.0,0.2286669431227174,"{'qb': 0.63616, 'qm': 0.06745, 'qu': 0.91711, 'qz': 0.71295, 'qc': 0.39173}"
override,3,DoS slowloris,0.5780872794800371,0.919205298013245,0.09222300132913314,0.3968907427137307,0.9162251655629139,True,39.0,0.2977945112588691,"{'qb': 0.63616, 'qm': 0.06745, 'qu': 0.91711, 'qz': 0.71295, 'qc': 0.39173}"
override,3,FTP-Patator,0.0005058168942842691,0.8860927152317881,0.10083620265617314,0.546614353160158,0.9024834437086093,True,39.0,0.4114945072014069,"{'qb': 0.57489, 'qm': 0.1073, 'qu': 0.91057, 'qz': 0.75203, 'qc': 0.39737}"
override,3,Web Attack - XSS,0.004601226993865031,0.9185430463576159,0.09199275779426694,0.5402622558352737,0.9163907284768211,True,39.0,0.4053231461000263,"{'qb': 0.63616, 'qm': 0.06745, 'qu': 0.91711, 'qz': 0.71295, 'qc': 0.39173}"
continuous,3,DDoS,0.6357585889043386,0.8993377483443709,0.09905704806857071,0.3871331970804103,0.9051324503311259,True,37.0,0.2904763520338788,"{'qb': 0.62689, 'qm': 0.09449, 'qu': 0.9115, 'qz': 0.90435, 'qc': 0.83961, 'w': 0.30192, 'taun': 0.8839}"
continuous,3,DoS Hulk,0.9467502863820974,0.9231788079470199,0.09099852434825381,0.30472065186552844,0.9211920529801325,True,35.0,0.2286669431227174,"{'qb': 0.75079, 'qm': 0.05729, 'qu': 0.91728, 'qz': 0.91326, 'qc': 0.83634, 'w': 0.17998, 'taun': 0.91267}"
continuous,3,DoS slowloris,0.5780872794800371,0.9052980132450331,0.09091479942648428,0.39690527969330613,0.9054635761589405,True,34.0,0.29780541399355065,"{'qb': 0.61804, 'qm': 0.08574, 'qu': 0.9161, 'qz': 0.80494, 'qc': 0.78061, 'w': 0.20837, 'taun': 0.85485}"
continuous,3,FTP-Patator,0.0005058168942842691,0.8960264900662251,0.1030444474678444,0.5459463900829239,0.9059602649006623,True,38.0,0.4109935348934812,"{'qb': 0.62689, 'qm': 0.09449, 'qu': 0.9115, 'qz': 0.90435, 'qc': 0.83961, 'w': 0.30192, 'taun': 0.8839}"
continuous,3,Web Attack - XSS,0.004601226993865031,0.909271523178808,0.09185670479639145,0.5402767928148491,0.9044701986754966,True,34.0,0.40533404883470786,"{'qb': 0.61804, 'qm': 0.08574, 'qu': 0.9161, 'qz': 0.80494, 'qc': 0.78061, 'w': 0.20837, 'taun': 0.85485}"
recommended-fixed,3,DDoS,0.6356101676379146,0.909933774834437,0.0905589685089638,,,True,,,"{'rule': 'thresholds', 'qb': 0.75, 'qm': 0.1, 'qu': 0.92}"
recommended-fixed,3,DoS Hulk,0.9463973710702012,0.919205298013245,0.08769138993835753,,,True,,,"{'rule': 'thresholds', 'qb': 0.75, 'qm': 0.1, 'qu': 0.92}"
recommended-fixed,3,DoS slowloris,0.5779015784586815,0.9158940397350993,0.08700065933375893,,,True,,,"{'rule': 'thresholds', 'qb': 0.75, 'qm': 0.1, 'qu': 0.92}"
recommended-fixed,3,FTP-Patator,0.0005058168942842691,0.9158940397350993,0.09482893951920963,,,True,,,"{'rule': 'thresholds', 'qb': 0.75, 'qm': 0.1, 'qu': 0.92}"
recommended-fixed,3,Web Attack - XSS,0.003067484662576687,0.9225165562913907,0.08809954893198396,,,True,,,"{'rule': 'thresholds', 'qb': 0.75, 'qm': 0.1, 'qu': 0.92}"
submitted,4,DDoS,0.5479713156373521,0.8834437086092716,0.057874852173185,0.2998200685951523,0.8879139072847682,True,,,{}
submitted,4,DoS Hulk,0.93547435289217,0.9251655629139073,0.05761321179265523,0.20294430928144783,0.8774834437086093,True,,,{}
submitted,4,DoS slowloris,0.23825441039925718,0.8794701986754967,0.05897374177141003,0.37724929490467607,0.8889072847682119,True,,,{}
submitted,4,FTP-Patator,0.0010116337885685382,0.8649006622516556,0.056985274879383783,0.4365599890573482,0.8925496688741722,True,,,{}
submitted,4,Web Attack - XSS,0.024539877300613498,0.8821192052980132,0.056807359420623545,0.430677928179337,0.8882450331125828,True,,,{}
thresholds,4,DDoS,0.6190182323808333,0.9105960264900662,0.09262069470753838,0.30674200018487086,0.9119205298013244,True,43.0,0.23039371140150933,"{'qb': 0.91895, 'qm': 0.09953, 'qu': 0.74309}"
thresholds,4,DoS Hulk,0.9473693345521447,0.9370860927152318,0.08912517922366066,0.2246693413960743,0.9334437086092715,True,40.0,0.16883921730991192,"{'qb': 0.91868, 'qm': 0.06906, 'qu': 0.53138}"
thresholds,4,DoS slowloris,0.25218198700092853,0.909271523178808,0.09069502150683928,0.39845106152984705,0.912251655629139,True,43.0,0.29917550741024146,"{'qb': 0.91895, 'qm': 0.09953, 'qu': 0.55559}"
thresholds,4,FTP-Patator,0.0013488450514247176,0.9152317880794701,0.09798955531600925,0.461159347017223,0.9107615894039736,True,43.0,0.3523879151708927,"{'qb': 0.91895, 'qm': 0.09953, 'qu': 0.55559}"
thresholds,4,Web Attack - XSS,0.02607361963190184,0.919205298013245,0.08988916913480759,0.45497815337210373,0.9097682119205298,True,42.0,0.34157082629193397,"{'qb': 0.91895, 'qm': 0.09953, 'qu': 0.74309}"
override,4,DDoS,0.6191432187104535,0.9132450331125828,0.09354166884700317,0.30675212480447445,0.9089403973509934,True,37.0,0.23040130486621202,"{'qb': 0.76555, 'qm': 0.08426, 'qu': 0.91822, 'qz': 0.92145, 'qc': 0.42217}"
override,4,DoS Hulk,0.9472999085891487,0.9211920529801324,0.0878379085514542,0.2246029424084636,0.9018211920529801,True,38.0,0.1687894180692039,"{'qb': 0.6588, 'qm': 0.09376, 'qu': 0.91967, 'qz': 0.50226, 'qc': 0.90525}"
override,4,DoS slowloris,0.2525533890436397,0.9019867549668874,0.09472428336699773,0.3986783864909512,0.9064569536423842,True,38.0,0.29934600113106963,"{'qb': 0.7537, 'qm': 0.09321, 'qu': 0.91492, 'qz': 0.57599, 'qc': 0.4046}"
override,4,FTP-Patator,0.0013488450514247176,0.9019867549668874,0.09399169030151437,0.45302130288207487,0.9172185430463575,True,46.0,0.3462843820695316,"{'qb': 0.81511, 'qm': 0.08505, 'qu': 0.92308, 'qz': 0.97318, 'qc': 0.48459}"
override,4,Web Attack - XSS,0.02607361963190184,0.928476821192053,0.09174158302895835,0.454985965017705,0.9180463576158941,True,40.0,0.3415766850261349,"{'qb': 0.85297, 'qm': 0.06505, 'qu': 0.91886, 'qz': 0.66991, 'qc': 0.13467}"
continuous,4,DDoS,0.4226803318387051,0.9105960264900662,0.04089962428441356,0.2736941353775872,0.9109271523178808,True,9.0,0.20543920716461847,"{'qb': 0.95206, 'qm': 0.09764, 'qu': 0.97169, 'qz': 0.7468, 'qc': 0.1124, 'w': 0.37094, 'taun': 0.97564}"
continuous,4,DoS Hulk,0.8436122328546799,0.9039735099337748,0.03556216052160626,0.1684611601235935,0.9125827814569537,True,9.0,0.12651447572412322,"{'qb': 0.95206, 'qm': 0.09764, 'qu': 0.97169, 'qz': 0.7468, 'qc': 0.1124, 'w': 0.37094, 'taun': 0.97564}"
continuous,4,DoS slowloris,0.22748375116063138,0.909271523178808,0.03838787663132777,0.3224932805471056,0.9112582781456954,True,9.0,0.24203856604175727,"{'qb': 0.95206, 'qm': 0.09764, 'qu': 0.97169, 'qz': 0.7468, 'qc': 0.1124, 'w': 0.37094, 'taun': 0.97564}"
continuous,4,FTP-Patator,0.0006744225257123588,0.9112582781456954,0.04611150066456657,0.37919561270583535,0.9107615894039736,True,9.0,0.2901482432717078,"{'qb': 0.95206, 'qm': 0.09764, 'qu': 0.97169, 'qz': 0.7468, 'qc': 0.1124, 'w': 0.37094, 'taun': 0.97564}"
continuous,4,Web Attack - XSS,0.023006134969325152,0.919205298013245,0.0374564368766418,0.37361268459493213,0.9087748344370862,True,9.0,0.28037811907762716,"{'qb': 0.95206, 'qm': 0.09764, 'qu': 0.97169, 'qz': 0.7468, 'qc': 0.1124, 'w': 0.37094, 'taun': 0.97564}"
recommended-fixed,4,DDoS,0.6187526364303905,0.9105960264900662,0.0915845988006405,,,True,,,"{'rule': 'thresholds', 'qb': 0.75, 'qm': 0.1, 'qu': 0.92}"
recommended-fixed,4,DoS Hulk,0.9472941230922324,0.9039735099337748,0.0870320561794225,,,True,,,"{'rule': 'thresholds', 'qb': 0.75, 'qm': 0.1, 'qu': 0.92}"
recommended-fixed,4,DoS slowloris,0.25218198700092853,0.909271523178808,0.08963799436949901,,,True,,,"{'rule': 'thresholds', 'qb': 0.75, 'qm': 0.1, 'qu': 0.92}"
recommended-fixed,4,FTP-Patator,0.0013488450514247176,0.9152317880794701,0.09694299379389017,,,True,,,"{'rule': 'thresholds', 'qb': 0.75, 'qm': 0.1, 'qu': 0.92}"
recommended-fixed,4,Web Attack - XSS,0.02607361963190184,0.919205298013245,0.08884260761268852,,,True,,,"{'rule': 'thresholds', 'qb': 0.75, 'qm': 0.1, 'qu': 0.92}"
