arm,seed,imbalance,resampler,k_requested,n_train_malicious,rf_n_estimators,n_train_after_resample,k_used,fit_seconds,accuracy,balanced_accuracy,f1_macro,f1_weighted,precision_macro,recall_macro,benign_fpr,benign_fp_count,attack_detection_rate,attacks_missed,phantom_classes,phantom_predictions,tau_b,tau_m,tau_u,rf_max_depth,rf_max_features,rf_max_samples,rf_class_weight
cycle9-downsample,0,downsample,none,,3520,197,3520,,1.3332498999952804,0.9404807286139644,0.8380868943166696,0.6816744800276047,0.9660165373397644,0.6992962939188464,0.718360195128574,0.0575713493317704,5501.0,0.8609271523178808,210.0,1.0,4844.0,-0.0001675218546474,1.0,-0.0001070592420417,16.0,log2,0.5449565190789558,balanced
cycle9-downsample,1,downsample,none,,3520,197,3520,,1.332219800009625,0.9398419550591895,0.846230731283362,0.6755254445204345,0.9656219863515048,0.6861633033536372,0.7253406268143102,0.0583772017038021,5578.0,0.8814569536423841,179.0,1.0,4860.0,-0.0004092301615862,1.0,-0.0003643022414048,16.0,log2,0.5449565190789558,balanced
cycle9-downsample,2,downsample,none,,3520,197,3520,,1.3266107000235934,0.9422115988914188,0.8422308563162749,0.6966580518275712,0.967274868377034,0.7179428654453636,0.721912162556807,0.0558863852811587,5340.0,0.8682119205298013,199.0,1.0,4846.0,-0.0004815438509908,1.0,-0.0003907631335161,16.0,log2,0.5449565190789558,balanced
cycle9-downsample,3,downsample,none,,3520,197,3520,,1.1383396000019277,0.9386159219459927,0.8922342605290847,0.6785597170585468,0.9648984311064396,0.6628327597674737,0.7647722233106441,0.0605017215937038,5781.0,0.9225165562913908,117.0,1.0,4835.0,-0.0005906584932404,0.9949238578680204,-0.0005175254873768,16.0,log2,0.5449565190789558,balanced
cycle9-downsample,4,downsample,none,,3520,197,3520,,1.2982693999947514,0.9391001535117092,0.9104706008277352,0.6920584122707838,0.9653406092846212,0.6763223191258426,0.7804033721380589,0.0603552029806072,5767.0,0.9317880794701988,103.0,1.0,4816.0,-0.0003823354666692,0.9898477157360406,-0.0003074099534917,16.0,log2,0.5449565190789558,balanced
cycle9-none,0,none,none,,164857,197,164857,,7.516249599982984,0.9613369032219248,0.8823535739144543,0.7661979776848293,0.9755451856224192,0.7902172954618386,0.7563030633552466,0.0548398237590396,5240.0,0.9846434738302148,1085.0,1.0,4848.0,-0.0008534578730662,0.9965690308716716,-0.000351310464784,16.0,log2,0.5449565190789558,balanced
cycle9-none,1,none,none,,164857,197,164857,,6.542999899975257,0.9605246532896122,0.8884361470156462,0.7712470743504475,0.974998370889893,0.7927639451302833,0.7615166974419825,0.0577387991753095,5517.0,0.9880261556316698,846.0,1.0,4954.0,-0.0004187107537423,1.0,-0.0001067516862022,16.0,log2,0.5449565190789558,balanced
cycle9-none,2,none,none,,164857,197,164857,,6.3491903000103775,0.9607412532715622,0.9147846433376688,0.7818564018345281,0.975011848135171,0.7919663377357137,0.784101122860859,0.0598423878347688,5718.0,0.9901491776827922,696.0,1.0,4882.0,-0.0005818709507489,0.9949238578680204,-0.0003164573417955,16.0,log2,0.5449565190789558,balanced
cycle9-none,3,none,none,,164857,197,164857,,6.440940200001933,0.963551036370747,0.8853453502073599,0.7765501795617927,0.978027919237336,0.8033610239810892,0.75886744303488,0.0530083410953312,5065.0,0.9883799926401904,821.0,1.0,4949.0,-0.0001876956650736,0.9949759494780642,-0.0001401887157151,16.0,log2,0.5449565190789558,balanced
cycle9-none,4,none,none,,164857,197,164857,,6.174009100010153,0.963526969706086,0.8911103366074341,0.7875705189650688,0.977647689506674,0.8169968718629826,0.7638088599492292,0.0530397379409948,5068.0,0.987318481614629,896.0,1.0,4843.0,-0.0005452021276874,0.9951666407060924,-0.0004021987402639,16.0,log2,0.5449565190789558,balanced
downsample-base,0,downsample,none,,3520,200,3520,,1.2425596000102814,0.9410576853731158,0.8904471238883721,0.698445647642278,0.9665279292326804,0.6846941542154207,0.763240391904319,0.0579795083253969,5540.0,0.9072847682119204,140.0,1.0,4819.0,-0.0001675218546474,1.0,-0.0001070592420417,,,,
downsample-base,1,downsample,none,,3520,200,3520,,1.4093278999789618,0.941078290971657,0.8843991592114175,0.691600585668818,0.9664803749690511,0.6785076908754064,0.758056422181215,0.0578434553275214,5527.0,0.9112582781456954,134.0,1.0,4812.0,-0.0004092301615862,1.0,-0.0003643022414048,,,,
downsample-base,2,downsample,none,,3520,200,3520,,1.375775499996962,0.9405425454095878,0.8903599104281953,0.6878191835590217,0.9660804597905404,0.6730687519045496,0.7631656375098818,0.0585027890864564,5590.0,0.9145695364238412,129.0,1.0,4803.0,-0.0004815438509908,1.0,-0.0003907631335161,,,,
downsample-base,3,downsample,none,,3520,200,3520,,1.3476189999782946,0.9399861942489774,0.8935665125541292,0.6915546460457902,0.9659167498461252,0.6787836878575321,0.765914153617825,0.0591307259997278,5650.0,0.9251655629139072,113.0,1.0,4837.0,-0.0005906584932404,1.0,-0.0005175254873768,,,,
downsample-base,4,downsample,none,,3520,200,3520,,1.209507300023688,0.9385231967525576,0.9417304520501204,0.694097845734238,0.9649624920594754,0.6592223092510804,0.8071975303286747,0.0615378175006017,5880.0,0.956953642384106,65.0,1.0,4794.0,-0.0003823354666692,0.985,-0.0003074099534917,,,,
none-base,0,none,none,,164857,200,164857,,18.89001269999426,0.9632441863963178,0.9098369716538712,0.7695546824978866,0.9776601412279,0.7787926909148369,0.779860261417604,0.0562736130443428,5377.0,0.9913663769921024,610.0,1.0,4870.0,-0.0008534578730662,1.0,-0.000351310464784,,,,
none-base,1,none,none,,164857,200,164857,,18.539633199980017,0.963117836406847,0.9121456602364272,0.7803558974250009,0.9776166443168808,0.7913237667056491,0.7818391373455089,0.056284078659564,5378.0,0.9923288136552778,542.0,1.0,4938.0,-0.0004187107537423,1.0,-0.0001067516862022,,,,
none-base,2,none,none,,164857,200,164857,,18.17880460000015,0.9623537198038566,0.9162645338001378,0.783843700462394,0.976922902949262,0.7935880740590857,0.7853696004001182,0.0582306830907054,5564.0,0.9930223341919778,493.0,1.0,4976.0,-0.0005818709507489,1.0,-0.0003164573417955,,,,
none-base,3,none,none,,164857,200,164857,,18.962957099982304,0.9615354532053788,0.9045587291486904,0.7754810018022965,0.9760915652419484,0.7891053191970904,0.7753360535560203,0.0589528105409676,5633.0,0.9920032836074392,565.0,1.0,4970.0,-0.0001876956650736,1.0,-0.0001401887157151,,,,
none-base,4,none,none,,164857,200,164857,,18.365795699995942,0.9637556030203664,0.9063890710070508,0.7861650437411984,0.9779190727391208,0.8035471784311602,0.7769049180060437,0.0550909985243482,5264.0,0.9908143912588104,649.0,1.0,4846.0,-0.0005452021276874,1.0,-0.0004021987402639,,,,
smote-k5-base,0,none,smote,5.0,164857,200,788310,5.0,142.2947360999824,0.960993953250504,0.9328705351861788,0.7431081525865589,0.97606762821207,0.7330768449066329,0.7996033158738675,0.0594132976107,5677.0,0.9901350242024514,697.0,1.0,4857.0,-0.0008534578730662,1.0,-0.000351310464784,,,,
smote-k5-base,1,none,smote,5.0,164857,200,788310,5.0,147.7472587999946,0.9616497698625192,0.9359155253679,0.7434020725995377,0.9768895197847696,0.7292244940055037,0.8022133074582,0.0586702389299955,5606.0,0.9920315905681208,563.0,1.0,4932.0,-0.0004187107537423,1.0,-0.0001067516862022,,,,
smote-k5-base,2,none,smote,5.0,164857,200,788310,5.0,156.42001560001518,0.9608074365993804,0.9331312227000852,0.7471083560717727,0.976014435089903,0.7371537908045916,0.7998267623143587,0.0596749379912298,5702.0,0.9910408469442636,633.0,1.0,4952.0,-0.0005818709507489,1.0,-0.0003164573417955,,,,
smote-k5-base,3,none,smote,5.0,164857,200,788310,5.0,216.061572000006,0.9613669865527512,0.9388513981016964,0.7490160588051723,0.9765822955756835,0.7372926987895833,0.804729769801454,0.0592249165367186,5659.0,0.991536218756192,598.0,1.0,4937.0,-0.0001876956650736,1.0,-0.0001401887157151,,,,
smote-k5-base,4,none,smote,5.0,164857,200,788310,5.0,132.988846799999,0.9619987365001051,0.9435657376365288,0.7370219417932748,0.977028769109505,0.7172782199292936,0.8087706322598819,0.0604807903632615,5779.0,0.9931497155150452,484.0,1.0,4787.0,-0.0005452021276874,0.995,-0.0004021987402639,,,,
weighted-base,0,none,none,,164857,200,164857,,12.73796259998926,0.9634186697151108,0.9097397894414518,0.7885569934498361,0.9774350954928585,0.8047718671569576,0.7797769623783873,0.0570794654163745,5454.0,0.9920457440484616,562.0,1.0,4808.0,-0.0008534578730662,1.0,-0.000351310464784,,,,balanced
weighted-base,1,none,none,,164857,200,164857,,10.835139000002528,0.9631960530669956,0.9149141703481388,0.78378566822114,0.9774778859848724,0.7953643968823283,0.7842121460126904,0.0574038994882314,5485.0,0.993093101593682,488.0,1.0,4879.0,-0.0004187107537423,1.0,-0.0001067516862022,,,,balanced
weighted-base,2,none,none,,164857,200,164857,,11.532543699984672,0.9642670196444152,0.918166574068164,0.7866500632253963,0.9787184131789493,0.7981447362455842,0.7869999206298549,0.055352638904878,5289.0,0.9929798737509552,496.0,1.0,4929.0,-0.0005818709507489,1.0,-0.0003164573417955,,,,balanced
weighted-base,3,none,none,,164857,200,164857,,12.275287700002082,0.9650311362474052,0.913841600317842,0.7940772706417922,0.9793895528027632,0.8111717541498406,0.783292800272436,0.0539711776956808,5157.0,0.9926684971834574,518.0,1.0,4912.0,-0.0001876956650736,1.0,-0.0001401887157151,,,,balanced
weighted-base,4,none,none,,164857,200,164857,,11.140480100002604,0.9648446195962816,0.9147983662195408,0.7733395893457968,0.9790658583516564,0.7811865445855392,0.784112885331035,0.0548502893742608,5241.0,0.9924137345373228,536.0,1.0,4803.0,-0.0005452021276874,1.0,-0.0004021987402639,,,,balanced
weighted-subsample,0,none,none,,164857,200,164857,,13.984332399995765,0.964441502963208,0.9172957500043324,0.7781898410042926,0.9786083934214695,0.7860286593412354,0.7862535000037135,0.055572416824523,5310.0,0.99254111586039,527.0,1.0,4805.0,-0.0008534578730662,1.0,-0.000351310464784,,,,balanced_subsample
weighted-subsample,1,none,none,,164857,200,164857,,14.66251180000836,0.9626004031166332,0.908068835287854,0.7724159189928324,0.976976518226842,0.7843658554076416,0.7783447159610178,0.0584190641646869,5582.0,0.9931780224757268,482.0,1.0,4890.0,-0.0004187107537423,1.0,-0.0001067516862022,,,,balanced_subsample
weighted-subsample,2,none,none,,164857,200,164857,,13.448099000001092,0.9632562197286484,0.9123834855850076,0.7756184915310625,0.977732752055293,0.7862337532517617,0.7820429876442921,0.0571841215685864,5464.0,0.9929798737509552,496.0,1.0,4920.0,-0.0005818709507489,1.0,-0.0003164573417955,,,,balanced_subsample
weighted-subsample,3,none,none,,164857,200,164857,,13.457316399988486,0.9621792364850636,0.9122261897741762,0.7822645842826933,0.9765420941023312,0.7943082681435591,0.7819081626635797,0.0590260698475159,5640.0,0.9928241854672064,507.0,1.0,4914.0,-0.0001876956650736,1.0,-0.0001401887157151,,,,balanced_subsample
weighted-subsample,4,none,none,,164857,200,164857,,13.91271420000703,0.9630396197466984,0.9142782579718812,0.7774395258907001,0.97719043072645,0.7872140116904556,0.7836670782616125,0.057602746177434,5504.0,0.9919749766467576,567.0,1.0,4816.0,-0.0005452021276874,1.0,-0.0004021987402639,,,,balanced_subsample
